{
    "ViT-B/32": {
        "Total Description-based Top-1 Accuracy: ": 57.13408589363098,
        "Total Description-based Top-5 Accuracy: ": 91.12229943275452,
        "Total CLIP-Standard Top-1 Accuracy: ": 57.79715180397034,
        "Total CLIP-Standard Top-5 Accuracy: ": 89.96807336807251,
        "info": [
            "ViT-B/32",
            "./cars_descriptors/descriptors_cars_prompt0_run_1.json"
        ]
    },
    "ViT-B/32 top_k_misclassifications": [
        [
            "Lamborghini Gallardo LP 570-4 Superleggera 2012",
            "Misclassified as: Lamborghini Aventador Coupe 2012",
            83.33333333333333
        ],
        [
            "BMW X5 SUV 2007",
            "Misclassified as: BMW X3 SUV 2012",
            80.95238095238095
        ],
        [
            "Dodge Caliber Wagon 2007",
            "Misclassified as: Dodge Caliber Wagon 2012",
            76.19047619047619
        ],
        [
            "Ram C/V Cargo Van Minivan 2012",
            "Misclassified as: Chrysler Town and Country Minivan 2012",
            68.29268292682927
        ],
        [
            "Dodge Ram Pickup 3500 Crew Cab 2010",
            "Misclassified as: Dodge Ram Pickup 3500 Quad Cab 2009",
            65.11627906976744
        ],
        [
            "Chevrolet Impala Sedan 2007",
            "Misclassified as: Chevrolet Malibu Sedan 2007",
            62.7906976744186
        ],
        [
            "Hyundai Elantra Sedan 2007",
            "Misclassified as: Hyundai Accent Sedan 2012",
            61.904761904761905
        ],
        [
            "HUMMER H2 SUT Crew Cab 2009",
            "Misclassified as: AM General Hummer SUV 2000",
            61.36363636363637
        ],
        [
            "Chevrolet Corvette Ron Fellows Edition Z06 2007",
            "Misclassified as: Chevrolet Corvette Convertible 2012",
            60.526315789473685
        ],
        [
            "Ferrari 458 Italia Coupe 2012",
            "Misclassified as: Ferrari 458 Italia Convertible 2012",
            60.46511627906977
        ],
        [
            "Hyundai Azera Sedan 2012",
            "Misclassified as: Hyundai Sonata Hybrid Sedan 2012",
            59.523809523809526
        ],
        [
            "Mercedes-Benz E-Class Sedan 2012",
            "Misclassified as: Mercedes-Benz S-Class Sedan 2012",
            59.09090909090909
        ],
        [
            "Chevrolet Silverado 1500 Regular Cab 2012",
            "Misclassified as: Chevrolet Silverado 2500HD Regular Cab 2012",
            56.81818181818182
        ],
        [
            "Audi 100 Sedan 1994",
            "Misclassified as: Audi V8 Sedan 1994",
            56.09756097560975
        ],
        [
            "GMC Savana Van 2012",
            "Misclassified as: Chevrolet Express Van 2007",
            55.88235294117647
        ],
        [
            "Ford E-Series Wagon Van 2012",
            "Misclassified as: Chevrolet Express Van 2007",
            55.26315789473684
        ],
        [
            "Land Rover LR2 SUV 2012",
            "Misclassified as: Ford Expedition EL SUV 2009",
            53.48837209302326
        ],
        [
            "BMW ActiveHybrid 5 Sedan 2012",
            "Misclassified as: BMW 3 Series Sedan 2012",
            52.94117647058823
        ],
        [
            "Audi S5 Coupe 2012",
            "Misclassified as: Audi A5 Coupe 2012",
            51.16279069767442
        ],
        [
            "Acura TL Type-S 2008",
            "Misclassified as: Acura TL Sedan 2012",
            50.0
        ],
        [
            "Aston Martin Virage Coupe 2012",
            "Misclassified as: Aston Martin V8 Vantage Coupe 2012",
            50.0
        ],
        [
            "Chevrolet Express Cargo Van 2007",
            "Misclassified as: Chevrolet Express Van 2007",
            50.0
        ],
        [
            "Chrysler Aspen SUV 2009",
            "Misclassified as: Ford Expedition EL SUV 2009",
            50.0
        ],
        [
            "Audi S4 Sedan 2007",
            "Misclassified as: Audi S4 Sedan 2012",
            48.888888888888886
        ],
        [
            "BMW M6 Convertible 2010",
            "Misclassified as: BMW 6 Series Convertible 2007",
            48.78048780487805
        ],
        [
            "Audi RS 4 Convertible 2008",
            "Misclassified as: Audi S5 Convertible 2012",
            48.648648648648646
        ],
        [
            "Chevrolet Silverado 1500 Extended Cab 2012",
            "Misclassified as: Chevrolet Silverado 2500HD Regular Cab 2012",
            45.45454545454545
        ],
        [
            "Hyundai Sonata Sedan 2012",
            "Misclassified as: Hyundai Sonata Hybrid Sedan 2012",
            45.0
        ],
        [
            "Bentley Continental Flying Spur Sedan 2007",
            "Misclassified as: Bentley Mulsanne Sedan 2011",
            44.44444444444444
        ],
        [
            "Daewoo Nubira Wagon 2002",
            "Misclassified as: Suzuki Aerio Sedan 2007",
            44.44444444444444
        ]
    ]
}