{
    "Redcaps,ViT-B/16": {
        "Total Description-based Top-1 Accuracy: ": 22.224950790405273,
        "Total Description-based Top-5 Accuracy: ": 53.33988070487976,
        "Total CLIP-Standard Top-1 Accuracy: ": 21.070726215839386,
        "Total CLIP-Standard Top-5 Accuracy: ": 52.92239785194397,
        "info": [
            "ViT-B/16",
            "./cars_descriptors/descriptors_cars_prompt0_run_1.json"
        ]
    },
    "Redcaps,ViT-B/16 top_k_misclassifications": [
        [
            "Audi A5 Coupe 2012",
            "Misclassified as: Audi TTS Coupe 2012",
            75.60975609756098
        ],
        [
            "Audi TT Hatchback 2011",
            "Misclassified as: Audi TTS Coupe 2012",
            75.60975609756098
        ],
        [
            "Chevrolet Silverado 1500 Extended Cab 2012",
            "Misclassified as: Chevrolet Silverado 2500HD Regular Cab 2012",
            70.45454545454545
        ],
        [
            "Chevrolet Silverado 1500 Regular Cab 2012",
            "Misclassified as: Chevrolet Silverado 2500HD Regular Cab 2012",
            63.63636363636363
        ],
        [
            "Audi S5 Coupe 2012",
            "Misclassified as: Audi TTS Coupe 2012",
            62.7906976744186
        ],
        [
            "FIAT 500 Convertible 2012",
            "Misclassified as: FIAT 500 Abarth 2012",
            61.76470588235294
        ],
        [
            "Rolls-Royce Phantom Sedan 2012",
            "Misclassified as: Rolls-Royce Phantom Drophead Coupe Convertible 2012",
            59.09090909090909
        ],
        [
            "Volvo 240 Sedan 1993",
            "Misclassified as: Audi 100 Wagon 1994",
            58.69565217391305
        ],
        [
            "Mazda Tribute SUV 2011",
            "Misclassified as: Isuzu Ascender SUV 2008",
            58.333333333333336
        ],
        [
            "Chevrolet Corvette Convertible 2012",
            "Misclassified as: Chevrolet Corvette Ron Fellows Edition Z06 2007",
            55.0
        ],
        [
            "Audi S4 Sedan 2012",
            "Misclassified as: Audi TTS Coupe 2012",
            52.5
        ],
        [
            "Chevrolet Silverado 1500 Hybrid Crew Cab 2012",
            "Misclassified as: Chevrolet Silverado 2500HD Regular Cab 2012",
            52.5
        ],
        [
            "HUMMER H2 SUT Crew Cab 2009",
            "Misclassified as: AM General Hummer SUV 2000",
            52.27272727272727
        ],
        [
            "Ferrari 458 Italia Coupe 2012",
            "Misclassified as: Ferrari 458 Italia Convertible 2012",
            51.16279069767442
        ],
        [
            "Nissan Juke Hatchback 2012",
            "Misclassified as: FIAT 500 Abarth 2012",
            50.0
        ],
        [
            "Mercedes-Benz S-Class Sedan 2012",
            "Misclassified as: Mercedes-Benz C-Class Sedan 2012",
            46.666666666666664
        ],
        [
            "Infiniti QX56 SUV 2011",
            "Misclassified as: Hyundai Veracruz SUV 2012",
            45.45454545454545
        ],
        [
            "Mercedes-Benz E-Class Sedan 2012",
            "Misclassified as: Mercedes-Benz C-Class Sedan 2012",
            45.45454545454545
        ],
        [
            "Audi S5 Convertible 2012",
            "Misclassified as: Audi TTS Coupe 2012",
            45.23809523809524
        ],
        [
            "Dodge Sprinter Cargo Van 2009",
            "Misclassified as: Chevrolet Express Cargo Van 2007",
            45.0
        ],
        [
            "Chevrolet Corvette ZR1 2012",
            "Misclassified as: Chevrolet Corvette Ron Fellows Edition Z06 2007",
            44.680851063829785
        ],
        [
            "Buick Rainier SUV 2007",
            "Misclassified as: Isuzu Ascender SUV 2008",
            44.18604651162791
        ],
        [
            "Chevrolet Silverado 1500 Classic Extended Cab 2007",
            "Misclassified as: Chevrolet Silverado 2500HD Regular Cab 2012",
            44.18604651162791
        ],
        [
            "Dodge Ram Pickup 3500 Crew Cab 2010",
            "Misclassified as: Dodge Ram Pickup 3500 Quad Cab 2009",
            44.18604651162791
        ],
        [
            "Dodge Journey SUV 2012",
            "Misclassified as: Hyundai Veracruz SUV 2012",
            43.18181818181818
        ],
        [
            "Audi TT RS Coupe 2012",
            "Misclassified as: Audi TTS Coupe 2012",
            42.5
        ],
        [
            "Chevrolet Avalanche Crew Cab 2012",
            "Misclassified as: GMC Canyon Extended Cab 2012",
            42.22222222222222
        ],
        [
            "Aston Martin Virage Coupe 2012",
            "Misclassified as: Aston Martin V8 Vantage Coupe 2012",
            42.10526315789474
        ],
        [
            "Volkswagen Beetle Hatchback 2012",
            "Misclassified as: FIAT 500 Abarth 2012",
            41.86046511627907
        ],
        [
            "Rolls-Royce Ghost Sedan 2012",
            "Misclassified as: Rolls-Royce Phantom Drophead Coupe Convertible 2012",
            41.02564102564103
        ]
    ],
    "Laion,ViT-B/32": {
        "Total Description-based Top-1 Accuracy: ": 81.17632865905762,
        "Total Description-based Top-5 Accuracy: ": 98.52652549743652,
        "Total CLIP-Standard Top-1 Accuracy: ": 81.34823441505432,
        "Total CLIP-Standard Top-5 Accuracy: ": 98.48968386650085,
        "info": [
            "ViT-B/32",
            "./cars_descriptors/descriptors_cars_prompt0_run_1.json"
        ]
    },